district,zipcode,representative,contact
1,22432,Robert Wittman,https://wittman.house.gov/forms/writeyourrep/
1,22435,Robert Wittman,https://wittman.house.gov/forms/writeyourrep/
1,22436,Robert Wittman,https://wittman.house.gov/forms/writeyourrep/
1,22437,Robert Wittman,https://wittman.house.gov/forms/writeyourrep/
1,22438,Robert Wittman,https://wittman.house.gov/forms/writeyourrep/
1,22443,Robert Wittman,https://wittman.house.gov/forms/writeyourrep/
1,22454,Robert Wittman,https://wittman.house.gov/forms/writeyourrep/
1,22460,Robert Wittman,https://wittman.house.gov/forms/writeyourrep/
1,22469,Robert Wittman,https://wittman.house.gov/forms/writeyourrep/
1,22472,Robert Wittman,https://wittman.house.gov/forms/writeyourrep/
1,22473,Robert Wittman,https://wittman.house.gov/forms/writeyourrep/
1,22476,Robert Wittman,https://wittman.house.gov/forms/writeyourrep/
1,22480,Robert Wittman,https://wittman.house.gov/forms/writeyourrep/
1,22482,Robert Wittman,https://wittman.house.gov/forms/writeyourrep/
1,22485,Robert Wittman,https://wittman.house.gov/forms/writeyourrep/
1,22488,Robert Wittman,https://wittman.house.gov/forms/writeyourrep/
1,22503,Robert Wittman,https://wittman.house.gov/forms/writeyourrep/
1,22504,Robert Wittman,https://wittman.house.gov/forms/writeyourrep/
1,22509,Robert Wittman,https://wittman.house.gov/forms/writeyourrep/
1,22511,Robert Wittman,https://wittman.house.gov/forms/writeyourrep/
1,22514,Robert Wittman,https://wittman.house.gov/forms/writeyourrep/
1,22520,Robert Wittman,https://wittman.house.gov/forms/writeyourrep/
1,22529,Robert Wittman,https://wittman.house.gov/forms/writeyourrep/
1,22539,Robert Wittman,https://wittman.house.gov/forms/writeyourrep/
1,22548,Robert Wittman,https://wittman.house.gov/forms/writeyourrep/
1,22560,Robert Wittman,https://wittman.house.gov/forms/writeyourrep/
1,22572,Robert Wittman,https://wittman.house.gov/forms/writeyourrep/
1,22576,Robert Wittman,https://wittman.house.gov/forms/writeyourrep/
1,22578,Robert Wittman,https://wittman.house.gov/forms/writeyourrep/
1,23005,Robert Wittman,https://wittman.house.gov/forms/writeyourrep/
1,23009,Robert Wittman,https://wittman.house.gov/forms/writeyourrep/
1,23011,Robert Wittman,https://wittman.house.gov/forms/writeyourrep/
1,23021,Robert Wittman,https://wittman.house.gov/forms/writeyourrep/
1,23023,Robert Wittman,https://wittman.house.gov/forms/writeyourrep/
1,23025,Robert Wittman,https://wittman.house.gov/forms/writeyourrep/
1,23032,Robert Wittman,https://wittman.house.gov/forms/writeyourrep/
1,23035,Robert Wittman,https://wittman.house.gov/forms/writeyourrep/
1,23043,Robert Wittman,https://wittman.house.gov/forms/writeyourrep/
1,23045,Robert Wittman,https://wittman.house.gov/forms/writeyourrep/
1,23050,Robert Wittman,https://wittman.house.gov/forms/writeyourrep/
1,23056,Robert Wittman,https://wittman.house.gov/forms/writeyourrep/
1,23059,Robert Wittman,https://wittman.house.gov/forms/writeyourrep/
1,23060,Robert Wittman,https://wittman.house.gov/forms/writeyourrep/
1,23061,Robert Wittman,https://wittman.house.gov/forms/writeyourrep/
1,23062,Robert Wittman,https://wittman.house.gov/forms/writeyourrep/
1,23066,Robert Wittman,https://wittman.house.gov/forms/writeyourrep/
1,23068,Robert Wittman,https://wittman.house.gov/forms/writeyourrep/
1,23069,Robert Wittman,https://wittman.house.gov/forms/writeyourrep/
1,23070,Robert Wittman,https://wittman.house.gov/forms/writeyourrep/
1,23071,Robert Wittman,https://wittman.house.gov/forms/writeyourrep/
1,23072,Robert Wittman,https://wittman.house.gov/forms/writeyourrep/
1,23076,Robert Wittman,https://wittman.house.gov/forms/writeyourrep/
1,23079,Robert Wittman,https://wittman.house.gov/forms/writeyourrep/
1,23081,Robert Wittman,https://wittman.house.gov/forms/writeyourrep/
1,23085,Robert Wittman,https://wittman.house.gov/forms/writeyourrep/
1,23086,Robert Wittman,https://wittman.house.gov/forms/writeyourrep/
1,23089,Robert Wittman,https://wittman.house.gov/forms/writeyourrep/
1,23091,Robert Wittman,https://wittman.house.gov/forms/writeyourrep/
1,23092,Robert Wittman,https://wittman.house.gov/forms/writeyourrep/
1,23106,Robert Wittman,https://wittman.house.gov/forms/writeyourrep/
1,23108,Robert Wittman,https://wittman.house.gov/forms/writeyourrep/
1,23109,Robert Wittman,https://wittman.house.gov/forms/writeyourrep/
1,23110,Robert Wittman,https://wittman.house.gov/forms/writeyourrep/
1,23111,Robert Wittman,https://wittman.house.gov/forms/writeyourrep/
1,23112,Robert Wittman,https://wittman.house.gov/forms/writeyourrep/
1,23113,Robert Wittman,https://wittman.house.gov/forms/writeyourrep/
1,23114,Robert Wittman,https://wittman.house.gov/forms/writeyourrep/
1,23116,Robert Wittman,https://wittman.house.gov/forms/writeyourrep/
1,23119,Robert Wittman,https://wittman.house.gov/forms/writeyourrep/
1,23120,Robert Wittman,https://wittman.house.gov/forms/writeyourrep/
1,23124,Robert Wittman,https://wittman.house.gov/forms/writeyourrep/
1,23126,Robert Wittman,https://wittman.house.gov/forms/writeyourrep/
1,23128,Robert Wittman,https://wittman.house.gov/forms/writeyourrep/
1,23130,Robert Wittman,https://wittman.house.gov/forms/writeyourrep/
1,23138,Robert Wittman,https://wittman.house.gov/forms/writeyourrep/
1,23140,Robert Wittman,https://wittman.house.gov/forms/writeyourrep/
1,23141,Robert Wittman,https://wittman.house.gov/forms/writeyourrep/
1,23148,Robert Wittman,https://wittman.house.gov/forms/writeyourrep/
1,23149,Robert Wittman,https://wittman.house.gov/forms/writeyourrep/
1,23156,Robert Wittman,https://wittman.house.gov/forms/writeyourrep/
1,23161,Robert Wittman,https://wittman.house.gov/forms/writeyourrep/
1,23163,Robert Wittman,https://wittman.house.gov/forms/writeyourrep/
1,23168,Robert Wittman,https://wittman.house.gov/forms/writeyourrep/
1,23169,Robert Wittman,https://wittman.house.gov/forms/writeyourrep/
1,23175,Robert Wittman,https://wittman.house.gov/forms/writeyourrep/
1,23176,Robert Wittman,https://wittman.house.gov/forms/writeyourrep/
1,23177,Robert Wittman,https://wittman.house.gov/forms/writeyourrep/
1,23180,Robert Wittman,https://wittman.house.gov/forms/writeyourrep/
1,23181,Robert Wittman,https://wittman.house.gov/forms/writeyourrep/
1,23185,Robert Wittman,https://wittman.house.gov/forms/writeyourrep/
1,23188,Robert Wittman,https://wittman.house.gov/forms/writeyourrep/
1,23192,Robert Wittman,https://wittman.house.gov/forms/writeyourrep/
1,23225,Robert Wittman,https://wittman.house.gov/forms/writeyourrep/
1,23226,Robert Wittman,https://wittman.house.gov/forms/writeyourrep/
1,23227,Robert Wittman,https://wittman.house.gov/forms/writeyourrep/
1,23228,Robert Wittman,https://wittman.house.gov/forms/writeyourrep/
1,23229,Robert Wittman,https://wittman.house.gov/forms/writeyourrep/
1,23230,Robert Wittman,https://wittman.house.gov/forms/writeyourrep/
1,23233,Robert Wittman,https://wittman.house.gov/forms/writeyourrep/
1,23235,Robert Wittman,https://wittman.house.gov/forms/writeyourrep/
1,23236,Robert Wittman,https://wittman.house.gov/forms/writeyourrep/
1,23238,Robert Wittman,https://wittman.house.gov/forms/writeyourrep/
1,23294,Robert Wittman,https://wittman.house.gov/forms/writeyourrep/
1,23603,Robert Wittman,https://wittman.house.gov/forms/writeyourrep/
1,23662,Robert Wittman,https://wittman.house.gov/forms/writeyourrep/
1,23665,Robert Wittman,https://wittman.house.gov/forms/writeyourrep/
1,23690,Robert Wittman,https://wittman.house.gov/forms/writeyourrep/
1,23691,Robert Wittman,https://wittman.house.gov/forms/writeyourrep/
1,23692,Robert Wittman,https://wittman.house.gov/forms/writeyourrep/
1,23693,Robert Wittman,https://wittman.house.gov/forms/writeyourrep/
1,23696,Robert Wittman,https://wittman.house.gov/forms/writeyourrep/
1,23803,Robert Wittman,https://wittman.house.gov/forms/writeyourrep/
1,23832,Robert Wittman,https://wittman.house.gov/forms/writeyourrep/
1,23838,Robert Wittman,https://wittman.house.gov/forms/writeyourrep/
2,23301,Jennifer Kiggans,https://jenforcongress.com/
2,23302,Jennifer Kiggans,https://jenforcongress.com/
2,23303,Jennifer Kiggans,https://jenforcongress.com/
2,23304,Jennifer Kiggans,https://jenforcongress.com/
2,23306,Jennifer Kiggans,https://jenforcongress.com/
2,23307,Jennifer Kiggans,https://jenforcongress.com/
2,23308,Jennifer Kiggans,https://jenforcongress.com/
2,23310,Jennifer Kiggans,https://jenforcongress.com/
2,23314,Jennifer Kiggans,https://jenforcongress.com/
2,23315,Jennifer Kiggans,https://jenforcongress.com/
2,23316,Jennifer Kiggans,https://jenforcongress.com/
2,23320,Jennifer Kiggans,https://jenforcongress.com/
2,23321,Jennifer Kiggans,https://jenforcongress.com/
2,23322,Jennifer Kiggans,https://jenforcongress.com/
2,23323,Jennifer Kiggans,https://jenforcongress.com/
2,23336,Jennifer Kiggans,https://jenforcongress.com/
2,23337,Jennifer Kiggans,https://jenforcongress.com/
2,23347,Jennifer Kiggans,https://jenforcongress.com/
2,23350,Jennifer Kiggans,https://jenforcongress.com/
2,23354,Jennifer Kiggans,https://jenforcongress.com/
2,23356,Jennifer Kiggans,https://jenforcongress.com/
2,23357,Jennifer Kiggans,https://jenforcongress.com/
2,23358,Jennifer Kiggans,https://jenforcongress.com/
2,23359,Jennifer Kiggans,https://jenforcongress.com/
2,23389,Jennifer Kiggans,https://jenforcongress.com/
2,23395,Jennifer Kiggans,https://jenforcongress.com/
2,23398,Jennifer Kiggans,https://jenforcongress.com/
2,23401,Jennifer Kiggans,https://jenforcongress.com/
2,23405,Jennifer Kiggans,https://jenforcongress.com/
2,23407,Jennifer Kiggans,https://jenforcongress.com/
2,23408,Jennifer Kiggans,https://jenforcongress.com/
2,23409,Jennifer Kiggans,https://jenforcongress.com/
2,23410,Jennifer Kiggans,https://jenforcongress.com/
2,23413,Jennifer Kiggans,https://jenforcongress.com/
2,23414,Jennifer Kiggans,https://jenforcongress.com/
2,23415,Jennifer Kiggans,https://jenforcongress.com/
2,23416,Jennifer Kiggans,https://jenforcongress.com/
2,23417,Jennifer Kiggans,https://jenforcongress.com/
2,23418,Jennifer Kiggans,https://jenforcongress.com/
2,23420,Jennifer Kiggans,https://jenforcongress.com/
2,23421,Jennifer Kiggans,https://jenforcongress.com/
2,23422,Jennifer Kiggans,https://jenforcongress.com/
2,23423,Jennifer Kiggans,https://jenforcongress.com/
2,23426,Jennifer Kiggans,https://jenforcongress.com/
2,23427,Jennifer Kiggans,https://jenforcongress.com/
2,23430,Jennifer Kiggans,https://jenforcongress.com/
2,23432,Jennifer Kiggans,https://jenforcongress.com/
2,23433,Jennifer Kiggans,https://jenforcongress.com/
2,23434,Jennifer Kiggans,https://jenforcongress.com/
2,23435,Jennifer Kiggans,https://jenforcongress.com/
2,23436,Jennifer Kiggans,https://jenforcongress.com/
2,23437,Jennifer Kiggans,https://jenforcongress.com/
2,23438,Jennifer Kiggans,https://jenforcongress.com/
2,23440,Jennifer Kiggans,https://jenforcongress.com/
2,23441,Jennifer Kiggans,https://jenforcongress.com/
2,23442,Jennifer Kiggans,https://jenforcongress.com/
2,23451,Jennifer Kiggans,https://jenforcongress.com/
2,23452,Jennifer Kiggans,https://jenforcongress.com/
2,23453,Jennifer Kiggans,https://jenforcongress.com/
2,23454,Jennifer Kiggans,https://jenforcongress.com/
2,23455,Jennifer Kiggans,https://jenforcongress.com/
2,23456,Jennifer Kiggans,https://jenforcongress.com/
2,23457,Jennifer Kiggans,https://jenforcongress.com/
2,23459,Jennifer Kiggans,https://jenforcongress.com/
2,23460,Jennifer Kiggans,https://jenforcongress.com/
2,23461,Jennifer Kiggans,https://jenforcongress.com/
2,23462,Jennifer Kiggans,https://jenforcongress.com/
2,23464,Jennifer Kiggans,https://jenforcongress.com/
2,23480,Jennifer Kiggans,https://jenforcongress.com/
2,23486,Jennifer Kiggans,https://jenforcongress.com/
2,23487,Jennifer Kiggans,https://jenforcongress.com/
2,23488,Jennifer Kiggans,https://jenforcongress.com/
2,23837,Jennifer Kiggans,https://jenforcongress.com/
2,23851,Jennifer Kiggans,https://jenforcongress.com/
2,23866,Jennifer Kiggans,https://jenforcongress.com/
2,23874,Jennifer Kiggans,https://jenforcongress.com/
2,23878,Jennifer Kiggans,https://jenforcongress.com/
2,23888,Jennifer Kiggans,https://jenforcongress.com/
2,23898,Jennifer Kiggans,https://jenforcongress.com/
3,23320,Bobby Scott,https://bobbyscott.house.gov/address_authentication?form=/contact
3,23321,Bobby Scott,https://bobbyscott.house.gov/address_authentication?form=/contact
3,23323,Bobby Scott,https://bobbyscott.house.gov/address_authentication?form=/contact
3,23324,Bobby Scott,https://bobbyscott.house.gov/address_authentication?form=/contact
3,23325,Bobby Scott,https://bobbyscott.house.gov/address_authentication?form=/contact
3,23462,Bobby Scott,https://bobbyscott.house.gov/address_authentication?form=/contact
3,23502,Bobby Scott,https://bobbyscott.house.gov/address_authentication?form=/contact
3,23503,Bobby Scott,https://bobbyscott.house.gov/address_authentication?form=/contact
3,23504,Bobby Scott,https://bobbyscott.house.gov/address_authentication?form=/contact
3,23505,Bobby Scott,https://bobbyscott.house.gov/address_authentication?form=/contact
3,23507,Bobby Scott,https://bobbyscott.house.gov/address_authentication?form=/contact
3,23508,Bobby Scott,https://bobbyscott.house.gov/address_authentication?form=/contact
3,23509,Bobby Scott,https://bobbyscott.house.gov/address_authentication?form=/contact
3,23510,Bobby Scott,https://bobbyscott.house.gov/address_authentication?form=/contact
3,23511,Bobby Scott,https://bobbyscott.house.gov/address_authentication?form=/contact
3,23513,Bobby Scott,https://bobbyscott.house.gov/address_authentication?form=/contact
3,23517,Bobby Scott,https://bobbyscott.house.gov/address_authentication?form=/contact
3,23518,Bobby Scott,https://bobbyscott.house.gov/address_authentication?form=/contact
3,23523,Bobby Scott,https://bobbyscott.house.gov/address_authentication?form=/contact
3,23551,Bobby Scott,https://bobbyscott.house.gov/address_authentication?form=/contact
3,23601,Bobby Scott,https://bobbyscott.house.gov/address_authentication?form=/contact
3,23602,Bobby Scott,https://bobbyscott.house.gov/address_authentication?form=/contact
3,23603,Bobby Scott,https://bobbyscott.house.gov/address_authentication?form=/contact
3,23604,Bobby Scott,https://bobbyscott.house.gov/address_authentication?form=/contact
3,23605,Bobby Scott,https://bobbyscott.house.gov/address_authentication?form=/contact
3,23606,Bobby Scott,https://bobbyscott.house.gov/address_authentication?form=/contact
3,23607,Bobby Scott,https://bobbyscott.house.gov/address_authentication?form=/contact
3,23608,Bobby Scott,https://bobbyscott.house.gov/address_authentication?form=/contact
3,23651,Bobby Scott,https://bobbyscott.house.gov/address_authentication?form=/contact
3,23661,Bobby Scott,https://bobbyscott.house.gov/address_authentication?form=/contact
3,23663,Bobby Scott,https://bobbyscott.house.gov/address_authentication?form=/contact
3,23664,Bobby Scott,https://bobbyscott.house.gov/address_authentication?form=/contact
3,23665,Bobby Scott,https://bobbyscott.house.gov/address_authentication?form=/contact
3,23666,Bobby Scott,https://bobbyscott.house.gov/address_authentication?form=/contact
3,23667,Bobby Scott,https://bobbyscott.house.gov/address_authentication?form=/contact
3,23668,Bobby Scott,https://bobbyscott.house.gov/address_authentication?form=/contact
3,23669,Bobby Scott,https://bobbyscott.house.gov/address_authentication?form=/contact
3,23681,Bobby Scott,https://bobbyscott.house.gov/address_authentication?form=/contact
3,23701,Bobby Scott,https://bobbyscott.house.gov/address_authentication?form=/contact
3,23702,Bobby Scott,https://bobbyscott.house.gov/address_authentication?form=/contact
3,23703,Bobby Scott,https://bobbyscott.house.gov/address_authentication?form=/contact
3,23704,Bobby Scott,https://bobbyscott.house.gov/address_authentication?form=/contact
3,23707,Bobby Scott,https://bobbyscott.house.gov/address_authentication?form=/contact
3,23708,Bobby Scott,https://bobbyscott.house.gov/address_authentication?form=/contact
3,23709,Bobby Scott,https://bobbyscott.house.gov/address_authentication?form=/contact
4,23030,Jennifer McClellan,district09@senate.virginia.gov
4,23060,Jennifer McClellan,district09@senate.virginia.gov
4,23075,Jennifer McClellan,district09@senate.virginia.gov
4,23112,Jennifer McClellan,district09@senate.virginia.gov
4,23113,Jennifer McClellan,district09@senate.virginia.gov
4,23140,Jennifer McClellan,district09@senate.virginia.gov
4,23147,Jennifer McClellan,district09@senate.virginia.gov
4,23150,Jennifer McClellan,district09@senate.virginia.gov
4,23173,Jennifer McClellan,district09@senate.virginia.gov
4,23185,Jennifer McClellan,district09@senate.virginia.gov
4,23219,Jennifer McClellan,district09@senate.virginia.gov
4,23220,Jennifer McClellan,district09@senate.virginia.gov
4,23221,Jennifer McClellan,district09@senate.virginia.gov
4,23222,Jennifer McClellan,district09@senate.virginia.gov
4,23223,Jennifer McClellan,district09@senate.virginia.gov
4,23224,Jennifer McClellan,district09@senate.virginia.gov
4,23225,Jennifer McClellan,district09@senate.virginia.gov
4,23226,Jennifer McClellan,district09@senate.virginia.gov
4,23227,Jennifer McClellan,district09@senate.virginia.gov
4,23228,Jennifer McClellan,district09@senate.virginia.gov
4,23230,Jennifer McClellan,district09@senate.virginia.gov
4,23231,Jennifer McClellan,district09@senate.virginia.gov
4,23234,Jennifer McClellan,district09@senate.virginia.gov
4,23235,Jennifer McClellan,district09@senate.virginia.gov
4,23236,Jennifer McClellan,district09@senate.virginia.gov
4,23237,Jennifer McClellan,district09@senate.virginia.gov
4,23250,Jennifer McClellan,district09@senate.virginia.gov
4,23284,Jennifer McClellan,district09@senate.virginia.gov
4,23294,Jennifer McClellan,district09@senate.virginia.gov
4,23298,Jennifer McClellan,district09@senate.virginia.gov
4,23430,Jennifer McClellan,district09@senate.virginia.gov
4,23801,Jennifer McClellan,district09@senate.virginia.gov
4,23803,Jennifer McClellan,district09@senate.virginia.gov
4,23805,Jennifer McClellan,district09@senate.virginia.gov
4,23821,Jennifer McClellan,district09@senate.virginia.gov
4,23824,Jennifer McClellan,district09@senate.virginia.gov
4,23827,Jennifer McClellan,district09@senate.virginia.gov
4,23828,Jennifer McClellan,district09@senate.virginia.gov
4,23829,Jennifer McClellan,district09@senate.virginia.gov
4,23830,Jennifer McClellan,district09@senate.virginia.gov
4,23831,Jennifer McClellan,district09@senate.virginia.gov
4,23832,Jennifer McClellan,district09@senate.virginia.gov
4,23833,Jennifer McClellan,district09@senate.virginia.gov
4,23834,Jennifer McClellan,district09@senate.virginia.gov
4,23836,Jennifer McClellan,district09@senate.virginia.gov
4,23837,Jennifer McClellan,district09@senate.virginia.gov
4,23838,Jennifer McClellan,district09@senate.virginia.gov
4,23839,Jennifer McClellan,district09@senate.virginia.gov
4,23840,Jennifer McClellan,district09@senate.virginia.gov
4,23841,Jennifer McClellan,district09@senate.virginia.gov
4,23842,Jennifer McClellan,district09@senate.virginia.gov
4,23843,Jennifer McClellan,district09@senate.virginia.gov
4,23844,Jennifer McClellan,district09@senate.virginia.gov
4,23845,Jennifer McClellan,district09@senate.virginia.gov
4,23846,Jennifer McClellan,district09@senate.virginia.gov
4,23847,Jennifer McClellan,district09@senate.virginia.gov
4,23850,Jennifer McClellan,district09@senate.virginia.gov
4,23851,Jennifer McClellan,district09@senate.virginia.gov
4,23856,Jennifer McClellan,district09@senate.virginia.gov
4,23857,Jennifer McClellan,district09@senate.virginia.gov
4,23860,Jennifer McClellan,district09@senate.virginia.gov
4,23866,Jennifer McClellan,district09@senate.virginia.gov
4,23867,Jennifer McClellan,district09@senate.virginia.gov
4,23868,Jennifer McClellan,district09@senate.virginia.gov
4,23870,Jennifer McClellan,district09@senate.virginia.gov
4,23872,Jennifer McClellan,district09@senate.virginia.gov
4,23874,Jennifer McClellan,district09@senate.virginia.gov
4,23875,Jennifer McClellan,district09@senate.virginia.gov
4,23876,Jennifer McClellan,district09@senate.virginia.gov
4,23878,Jennifer McClellan,district09@senate.virginia.gov
4,23879,Jennifer McClellan,district09@senate.virginia.gov
4,23881,Jennifer McClellan,district09@senate.virginia.gov
4,23882,Jennifer McClellan,district09@senate.virginia.gov
4,23883,Jennifer McClellan,district09@senate.virginia.gov
4,23884,Jennifer McClellan,district09@senate.virginia.gov
4,23885,Jennifer McClellan,district09@senate.virginia.gov
4,23887,Jennifer McClellan,district09@senate.virginia.gov
4,23888,Jennifer McClellan,district09@senate.virginia.gov
4,23889,Jennifer McClellan,district09@senate.virginia.gov
4,23890,Jennifer McClellan,district09@senate.virginia.gov
4,23891,Jennifer McClellan,district09@senate.virginia.gov
4,23893,Jennifer McClellan,district09@senate.virginia.gov
4,23894,Jennifer McClellan,district09@senate.virginia.gov
4,23897,Jennifer McClellan,district09@senate.virginia.gov
4,23899,Jennifer McClellan,district09@senate.virginia.gov
4,23919,Jennifer McClellan,district09@senate.virginia.gov
4,23920,Jennifer McClellan,district09@senate.virginia.gov
4,23938,Jennifer McClellan,district09@senate.virginia.gov
4,23950,Jennifer McClellan,district09@senate.virginia.gov
5,22546,Bob Good,https://good.house.gov/contact
5,22901,Bob Good,https://good.house.gov/contact
5,22902,Bob Good,https://good.house.gov/contact
5,22903,Bob Good,https://good.house.gov/contact
5,22904,Bob Good,https://good.house.gov/contact
5,22908,Bob Good,https://good.house.gov/contact
5,22911,Bob Good,https://good.house.gov/contact
5,22920,Bob Good,https://good.house.gov/contact
5,22922,Bob Good,https://good.house.gov/contact
5,22923,Bob Good,https://good.house.gov/contact
5,22931,Bob Good,https://good.house.gov/contact
5,22932,Bob Good,https://good.house.gov/contact
5,22935,Bob Good,https://good.house.gov/contact
5,22936,Bob Good,https://good.house.gov/contact
5,22937,Bob Good,https://good.house.gov/contact
5,22938,Bob Good,https://good.house.gov/contact
5,22940,Bob Good,https://good.house.gov/contact
5,22942,Bob Good,https://good.house.gov/contact
5,22943,Bob Good,https://good.house.gov/contact
5,22946,Bob Good,https://good.house.gov/contact
5,22947,Bob Good,https://good.house.gov/contact
5,22949,Bob Good,https://good.house.gov/contact
5,22952,Bob Good,https://good.house.gov/contact
5,22958,Bob Good,https://good.house.gov/contact
5,22959,Bob Good,https://good.house.gov/contact
5,22963,Bob Good,https://good.house.gov/contact
5,22964,Bob Good,https://good.house.gov/contact
5,22967,Bob Good,https://good.house.gov/contact
5,22968,Bob Good,https://good.house.gov/contact
5,22969,Bob Good,https://good.house.gov/contact
5,22971,Bob Good,https://good.house.gov/contact
5,22974,Bob Good,https://good.house.gov/contact
5,22976,Bob Good,https://good.house.gov/contact
5,23002,Bob Good,https://good.house.gov/contact
5,23004,Bob Good,https://good.house.gov/contact
5,23005,Bob Good,https://good.house.gov/contact
5,23015,Bob Good,https://good.house.gov/contact
5,23022,Bob Good,https://good.house.gov/contact
5,23024,Bob Good,https://good.house.gov/contact
5,23027,Bob Good,https://good.house.gov/contact
5,23038,Bob Good,https://good.house.gov/contact
5,23039,Bob Good,https://good.house.gov/contact
5,23040,Bob Good,https://good.house.gov/contact
5,23047,Bob Good,https://good.house.gov/contact
5,23055,Bob Good,https://good.house.gov/contact
5,23059,Bob Good,https://good.house.gov/contact
5,23063,Bob Good,https://good.house.gov/contact
5,23065,Bob Good,https://good.house.gov/contact
5,23083,Bob Good,https://good.house.gov/contact
5,23084,Bob Good,https://good.house.gov/contact
5,23093,Bob Good,https://good.house.gov/contact
5,23102,Bob Good,https://good.house.gov/contact
5,23103,Bob Good,https://good.house.gov/contact
5,23112,Bob Good,https://good.house.gov/contact
5,23113,Bob Good,https://good.house.gov/contact
5,23117,Bob Good,https://good.house.gov/contact
5,23120,Bob Good,https://good.house.gov/contact
5,23123,Bob Good,https://good.house.gov/contact
5,23129,Bob Good,https://good.house.gov/contact
5,23139,Bob Good,https://good.house.gov/contact
5,23146,Bob Good,https://good.house.gov/contact
5,23153,Bob Good,https://good.house.gov/contact
5,23160,Bob Good,https://good.house.gov/contact
5,23192,Bob Good,https://good.house.gov/contact
5,23233,Bob Good,https://good.house.gov/contact
5,23238,Bob Good,https://good.house.gov/contact
5,23824,Bob Good,https://good.house.gov/contact
5,23833,Bob Good,https://good.house.gov/contact
5,23850,Bob Good,https://good.house.gov/contact
5,23894,Bob Good,https://good.house.gov/contact
5,23901,Bob Good,https://good.house.gov/contact
5,23909,Bob Good,https://good.house.gov/contact
5,23915,Bob Good,https://good.house.gov/contact
5,23917,Bob Good,https://good.house.gov/contact
5,23919,Bob Good,https://good.house.gov/contact
5,23920,Bob Good,https://good.house.gov/contact
5,23921,Bob Good,https://good.house.gov/contact
5,23922,Bob Good,https://good.house.gov/contact
5,23923,Bob Good,https://good.house.gov/contact
5,23924,Bob Good,https://good.house.gov/contact
5,23927,Bob Good,https://good.house.gov/contact
5,23930,Bob Good,https://good.house.gov/contact
5,23934,Bob Good,https://good.house.gov/contact
5,23936,Bob Good,https://good.house.gov/contact
5,23937,Bob Good,https://good.house.gov/contact
5,23938,Bob Good,https://good.house.gov/contact
5,23942,Bob Good,https://good.house.gov/contact
5,23943,Bob Good,https://good.house.gov/contact
5,23944,Bob Good,https://good.house.gov/contact
5,23947,Bob Good,https://good.house.gov/contact
5,23950,Bob Good,https://good.house.gov/contact
5,23952,Bob Good,https://good.house.gov/contact
5,23954,Bob Good,https://good.house.gov/contact
5,23955,Bob Good,https://good.house.gov/contact
5,23958,Bob Good,https://good.house.gov/contact
5,23959,Bob Good,https://good.house.gov/contact
5,23960,Bob Good,https://good.house.gov/contact
5,23962,Bob Good,https://good.house.gov/contact
5,23963,Bob Good,https://good.house.gov/contact
5,23964,Bob Good,https://good.house.gov/contact
5,23966,Bob Good,https://good.house.gov/contact
5,23967,Bob Good,https://good.house.gov/contact
5,23968,Bob Good,https://good.house.gov/contact
5,23970,Bob Good,https://good.house.gov/contact
5,23974,Bob Good,https://good.house.gov/contact
5,23976,Bob Good,https://good.house.gov/contact
5,24054,Bob Good,https://good.house.gov/contact
5,24069,Bob Good,https://good.house.gov/contact
5,24104,Bob Good,https://good.house.gov/contact
5,24137,Bob Good,https://good.house.gov/contact
5,24139,Bob Good,https://good.house.gov/contact
5,24161,Bob Good,https://good.house.gov/contact
5,24464,Bob Good,https://good.house.gov/contact
5,24483,Bob Good,https://good.house.gov/contact
5,24501,Bob Good,https://good.house.gov/contact
5,24502,Bob Good,https://good.house.gov/contact
5,24503,Bob Good,https://good.house.gov/contact
5,24504,Bob Good,https://good.house.gov/contact
5,24515,Bob Good,https://good.house.gov/contact
5,24517,Bob Good,https://good.house.gov/contact
5,24520,Bob Good,https://good.house.gov/contact
5,24521,Bob Good,https://good.house.gov/contact
5,24522,Bob Good,https://good.house.gov/contact
5,24526,Bob Good,https://good.house.gov/contact
5,24527,Bob Good,https://good.house.gov/contact
5,24528,Bob Good,https://good.house.gov/contact
5,24529,Bob Good,https://good.house.gov/contact
5,24530,Bob Good,https://good.house.gov/contact
5,24531,Bob Good,https://good.house.gov/contact
5,24534,Bob Good,https://good.house.gov/contact
5,24536,Bob Good,https://good.house.gov/contact
5,24538,Bob Good,https://good.house.gov/contact
5,24539,Bob Good,https://good.house.gov/contact
5,24540,Bob Good,https://good.house.gov/contact
5,24541,Bob Good,https://good.house.gov/contact
5,24549,Bob Good,https://good.house.gov/contact
5,24550,Bob Good,https://good.house.gov/contact
5,24551,Bob Good,https://good.house.gov/contact
5,24553,Bob Good,https://good.house.gov/contact
5,24554,Bob Good,https://good.house.gov/contact
5,24556,Bob Good,https://good.house.gov/contact
5,24557,Bob Good,https://good.house.gov/contact
5,24558,Bob Good,https://good.house.gov/contact
5,24562,Bob Good,https://good.house.gov/contact
5,24563,Bob Good,https://good.house.gov/contact
5,24565,Bob Good,https://good.house.gov/contact
5,24566,Bob Good,https://good.house.gov/contact
5,24569,Bob Good,https://good.house.gov/contact
5,24571,Bob Good,https://good.house.gov/contact
5,24572,Bob Good,https://good.house.gov/contact
5,24574,Bob Good,https://good.house.gov/contact
5,24577,Bob Good,https://good.house.gov/contact
5,24580,Bob Good,https://good.house.gov/contact
5,24581,Bob Good,https://good.house.gov/contact
5,24586,Bob Good,https://good.house.gov/contact
5,24588,Bob Good,https://good.house.gov/contact
5,24589,Bob Good,https://good.house.gov/contact
5,24590,Bob Good,https://good.house.gov/contact
5,24592,Bob Good,https://good.house.gov/contact
5,24593,Bob Good,https://good.house.gov/contact
5,24594,Bob Good,https://good.house.gov/contact
5,24595,Bob Good,https://good.house.gov/contact
5,24597,Bob Good,https://good.house.gov/contact
5,24598,Bob Good,https://good.house.gov/contact
5,24599,Bob Good,https://good.house.gov/contact
6,20130,Ben Cline,https://cline.house.gov/zip_authentication?form=/contact/email-me
6,20135,Ben Cline,https://cline.house.gov/zip_authentication?form=/contact/email-me
6,22601,Ben Cline,https://cline.house.gov/zip_authentication?form=/contact/email-me
6,22602,Ben Cline,https://cline.house.gov/zip_authentication?form=/contact/email-me
6,22603,Ben Cline,https://cline.house.gov/zip_authentication?form=/contact/email-me
6,22610,Ben Cline,https://cline.house.gov/zip_authentication?form=/contact/email-me
6,22611,Ben Cline,https://cline.house.gov/zip_authentication?form=/contact/email-me
6,22620,Ben Cline,https://cline.house.gov/zip_authentication?form=/contact/email-me
6,22624,Ben Cline,https://cline.house.gov/zip_authentication?form=/contact/email-me
6,22625,Ben Cline,https://cline.house.gov/zip_authentication?form=/contact/email-me
6,22630,Ben Cline,https://cline.house.gov/zip_authentication?form=/contact/email-me
6,22637,Ben Cline,https://cline.house.gov/zip_authentication?form=/contact/email-me
6,22641,Ben Cline,https://cline.house.gov/zip_authentication?form=/contact/email-me
6,22642,Ben Cline,https://cline.house.gov/zip_authentication?form=/contact/email-me
6,22644,Ben Cline,https://cline.house.gov/zip_authentication?form=/contact/email-me
6,22645,Ben Cline,https://cline.house.gov/zip_authentication?form=/contact/email-me
6,22646,Ben Cline,https://cline.house.gov/zip_authentication?form=/contact/email-me
6,22650,Ben Cline,https://cline.house.gov/zip_authentication?form=/contact/email-me
6,22652,Ben Cline,https://cline.house.gov/zip_authentication?form=/contact/email-me
6,22654,Ben Cline,https://cline.house.gov/zip_authentication?form=/contact/email-me
6,22655,Ben Cline,https://cline.house.gov/zip_authentication?form=/contact/email-me
6,22656,Ben Cline,https://cline.house.gov/zip_authentication?form=/contact/email-me
6,22657,Ben Cline,https://cline.house.gov/zip_authentication?form=/contact/email-me
6,22660,Ben Cline,https://cline.house.gov/zip_authentication?form=/contact/email-me
6,22663,Ben Cline,https://cline.house.gov/zip_authentication?form=/contact/email-me
6,22664,Ben Cline,https://cline.house.gov/zip_authentication?form=/contact/email-me
6,22801,Ben Cline,https://cline.house.gov/zip_authentication?form=/contact/email-me
6,22802,Ben Cline,https://cline.house.gov/zip_authentication?form=/contact/email-me
6,22807,Ben Cline,https://cline.house.gov/zip_authentication?form=/contact/email-me
6,22810,Ben Cline,https://cline.house.gov/zip_authentication?form=/contact/email-me
6,22811,Ben Cline,https://cline.house.gov/zip_authentication?form=/contact/email-me
6,22812,Ben Cline,https://cline.house.gov/zip_authentication?form=/contact/email-me
6,22815,Ben Cline,https://cline.house.gov/zip_authentication?form=/contact/email-me
6,22820,Ben Cline,https://cline.house.gov/zip_authentication?form=/contact/email-me
6,22821,Ben Cline,https://cline.house.gov/zip_authentication?form=/contact/email-me
6,22824,Ben Cline,https://cline.house.gov/zip_authentication?form=/contact/email-me
6,22827,Ben Cline,https://cline.house.gov/zip_authentication?form=/contact/email-me
6,22830,Ben Cline,https://cline.house.gov/zip_authentication?form=/contact/email-me
6,22831,Ben Cline,https://cline.house.gov/zip_authentication?form=/contact/email-me
6,22832,Ben Cline,https://cline.house.gov/zip_authentication?form=/contact/email-me
6,22834,Ben Cline,https://cline.house.gov/zip_authentication?form=/contact/email-me
6,22835,Ben Cline,https://cline.house.gov/zip_authentication?form=/contact/email-me
6,22840,Ben Cline,https://cline.house.gov/zip_authentication?form=/contact/email-me
6,22841,Ben Cline,https://cline.house.gov/zip_authentication?form=/contact/email-me
6,22842,Ben Cline,https://cline.house.gov/zip_authentication?form=/contact/email-me
6,22843,Ben Cline,https://cline.house.gov/zip_authentication?form=/contact/email-me
6,22844,Ben Cline,https://cline.house.gov/zip_authentication?form=/contact/email-me
6,22845,Ben Cline,https://cline.house.gov/zip_authentication?form=/contact/email-me
6,22846,Ben Cline,https://cline.house.gov/zip_authentication?form=/contact/email-me
6,22847,Ben Cline,https://cline.house.gov/zip_authentication?form=/contact/email-me
6,22849,Ben Cline,https://cline.house.gov/zip_authentication?form=/contact/email-me
6,22850,Ben Cline,https://cline.house.gov/zip_authentication?form=/contact/email-me
6,22851,Ben Cline,https://cline.house.gov/zip_authentication?form=/contact/email-me
6,22853,Ben Cline,https://cline.house.gov/zip_authentication?form=/contact/email-me
6,22920,Ben Cline,https://cline.house.gov/zip_authentication?form=/contact/email-me
6,22939,Ben Cline,https://cline.house.gov/zip_authentication?form=/contact/email-me
6,22952,Ben Cline,https://cline.house.gov/zip_authentication?form=/contact/email-me
6,22958,Ben Cline,https://cline.house.gov/zip_authentication?form=/contact/email-me
6,22980,Ben Cline,https://cline.house.gov/zip_authentication?form=/contact/email-me
6,24011,Ben Cline,https://cline.house.gov/zip_authentication?form=/contact/email-me
6,24012,Ben Cline,https://cline.house.gov/zip_authentication?form=/contact/email-me
6,24013,Ben Cline,https://cline.house.gov/zip_authentication?form=/contact/email-me
6,24014,Ben Cline,https://cline.house.gov/zip_authentication?form=/contact/email-me
6,24015,Ben Cline,https://cline.house.gov/zip_authentication?form=/contact/email-me
6,24016,Ben Cline,https://cline.house.gov/zip_authentication?form=/contact/email-me
6,24017,Ben Cline,https://cline.house.gov/zip_authentication?form=/contact/email-me
6,24018,Ben Cline,https://cline.house.gov/zip_authentication?form=/contact/email-me
6,24019,Ben Cline,https://cline.house.gov/zip_authentication?form=/contact/email-me
6,24020,Ben Cline,https://cline.house.gov/zip_authentication?form=/contact/email-me
6,24022,Ben Cline,https://cline.house.gov/zip_authentication?form=/contact/email-me
6,24064,Ben Cline,https://cline.house.gov/zip_authentication?form=/contact/email-me
6,24065,Ben Cline,https://cline.house.gov/zip_authentication?form=/contact/email-me
6,24066,Ben Cline,https://cline.house.gov/zip_authentication?form=/contact/email-me
6,24070,Ben Cline,https://cline.house.gov/zip_authentication?form=/contact/email-me
6,24077,Ben Cline,https://cline.house.gov/zip_authentication?form=/contact/email-me
6,24083,Ben Cline,https://cline.house.gov/zip_authentication?form=/contact/email-me
6,24085,Ben Cline,https://cline.house.gov/zip_authentication?form=/contact/email-me
6,24090,Ben Cline,https://cline.house.gov/zip_authentication?form=/contact/email-me
6,24101,Ben Cline,https://cline.house.gov/zip_authentication?form=/contact/email-me
6,24153,Ben Cline,https://cline.house.gov/zip_authentication?form=/contact/email-me
6,24175,Ben Cline,https://cline.house.gov/zip_authentication?form=/contact/email-me
6,24179,Ben Cline,https://cline.house.gov/zip_authentication?form=/contact/email-me
6,24401,Ben Cline,https://cline.house.gov/zip_authentication?form=/contact/email-me
6,24411,Ben Cline,https://cline.house.gov/zip_authentication?form=/contact/email-me
6,24412,Ben Cline,https://cline.house.gov/zip_authentication?form=/contact/email-me
6,24413,Ben Cline,https://cline.house.gov/zip_authentication?form=/contact/email-me
6,24415,Ben Cline,https://cline.house.gov/zip_authentication?form=/contact/email-me
6,24416,Ben Cline,https://cline.house.gov/zip_authentication?form=/contact/email-me
6,24421,Ben Cline,https://cline.house.gov/zip_authentication?form=/contact/email-me
6,24422,Ben Cline,https://cline.house.gov/zip_authentication?form=/contact/email-me
6,24426,Ben Cline,https://cline.house.gov/zip_authentication?form=/contact/email-me
6,24430,Ben Cline,https://cline.house.gov/zip_authentication?form=/contact/email-me
6,24431,Ben Cline,https://cline.house.gov/zip_authentication?form=/contact/email-me
6,24432,Ben Cline,https://cline.house.gov/zip_authentication?form=/contact/email-me
6,24433,Ben Cline,https://cline.house.gov/zip_authentication?form=/contact/email-me
6,24435,Ben Cline,https://cline.house.gov/zip_authentication?form=/contact/email-me
6,24437,Ben Cline,https://cline.house.gov/zip_authentication?form=/contact/email-me
6,24439,Ben Cline,https://cline.house.gov/zip_authentication?form=/contact/email-me
6,24440,Ben Cline,https://cline.house.gov/zip_authentication?form=/contact/email-me
6,24441,Ben Cline,https://cline.house.gov/zip_authentication?form=/contact/email-me
6,24442,Ben Cline,https://cline.house.gov/zip_authentication?form=/contact/email-me
6,24445,Ben Cline,https://cline.house.gov/zip_authentication?form=/contact/email-me
6,24448,Ben Cline,https://cline.house.gov/zip_authentication?form=/contact/email-me
6,24450,Ben Cline,https://cline.house.gov/zip_authentication?form=/contact/email-me
6,24457,Ben Cline,https://cline.house.gov/zip_authentication?form=/contact/email-me
6,24458,Ben Cline,https://cline.house.gov/zip_authentication?form=/contact/email-me
6,24459,Ben Cline,https://cline.house.gov/zip_authentication?form=/contact/email-me
6,24460,Ben Cline,https://cline.house.gov/zip_authentication?form=/contact/email-me
6,24465,Ben Cline,https://cline.house.gov/zip_authentication?form=/contact/email-me
6,24467,Ben Cline,https://cline.house.gov/zip_authentication?form=/contact/email-me
6,24469,Ben Cline,https://cline.house.gov/zip_authentication?form=/contact/email-me
6,24471,Ben Cline,https://cline.house.gov/zip_authentication?form=/contact/email-me
6,24472,Ben Cline,https://cline.house.gov/zip_authentication?form=/contact/email-me
6,24473,Ben Cline,https://cline.house.gov/zip_authentication?form=/contact/email-me
6,24474,Ben Cline,https://cline.house.gov/zip_authentication?form=/contact/email-me
6,24476,Ben Cline,https://cline.house.gov/zip_authentication?form=/contact/email-me
6,24477,Ben Cline,https://cline.house.gov/zip_authentication?form=/contact/email-me
6,24479,Ben Cline,https://cline.house.gov/zip_authentication?form=/contact/email-me
6,24482,Ben Cline,https://cline.house.gov/zip_authentication?form=/contact/email-me
6,24483,Ben Cline,https://cline.house.gov/zip_authentication?form=/contact/email-me
6,24484,Ben Cline,https://cline.house.gov/zip_authentication?form=/contact/email-me
6,24485,Ben Cline,https://cline.house.gov/zip_authentication?form=/contact/email-me
6,24486,Ben Cline,https://cline.house.gov/zip_authentication?form=/contact/email-me
6,24487,Ben Cline,https://cline.house.gov/zip_authentication?form=/contact/email-me
6,24555,Ben Cline,https://cline.house.gov/zip_authentication?form=/contact/email-me
6,24578,Ben Cline,https://cline.house.gov/zip_authentication?form=/contact/email-me
6,24579,Ben Cline,https://cline.house.gov/zip_authentication?form=/contact/email-me
7,20106,Abigail Spanberger,https://spanberger.house.gov/contact
7,20112,Abigail Spanberger,https://spanberger.house.gov/contact
7,20119,Abigail Spanberger,https://spanberger.house.gov/contact
7,20181,Abigail Spanberger,https://spanberger.house.gov/contact
7,20186,Abigail Spanberger,https://spanberger.house.gov/contact
7,22025,Abigail Spanberger,https://spanberger.house.gov/contact
7,22026,Abigail Spanberger,https://spanberger.house.gov/contact
7,22125,Abigail Spanberger,https://spanberger.house.gov/contact
7,22134,Abigail Spanberger,https://spanberger.house.gov/contact
7,22172,Abigail Spanberger,https://spanberger.house.gov/contact
7,22191,Abigail Spanberger,https://spanberger.house.gov/contact
7,22192,Abigail Spanberger,https://spanberger.house.gov/contact
7,22193,Abigail Spanberger,https://spanberger.house.gov/contact
7,22401,Abigail Spanberger,https://spanberger.house.gov/contact
7,22405,Abigail Spanberger,https://spanberger.house.gov/contact
7,22406,Abigail Spanberger,https://spanberger.house.gov/contact
7,22407,Abigail Spanberger,https://spanberger.house.gov/contact
7,22408,Abigail Spanberger,https://spanberger.house.gov/contact
7,22427,Abigail Spanberger,https://spanberger.house.gov/contact
7,22433,Abigail Spanberger,https://spanberger.house.gov/contact
7,22438,Abigail Spanberger,https://spanberger.house.gov/contact
7,22443,Abigail Spanberger,https://spanberger.house.gov/contact
7,22448,Abigail Spanberger,https://spanberger.house.gov/contact
7,22485,Abigail Spanberger,https://spanberger.house.gov/contact
7,22508,Abigail Spanberger,https://spanberger.house.gov/contact
7,22514,Abigail Spanberger,https://spanberger.house.gov/contact
7,22534,Abigail Spanberger,https://spanberger.house.gov/contact
7,22535,Abigail Spanberger,https://spanberger.house.gov/contact
7,22538,Abigail Spanberger,https://spanberger.house.gov/contact
7,22542,Abigail Spanberger,https://spanberger.house.gov/contact
7,22546,Abigail Spanberger,https://spanberger.house.gov/contact
7,22551,Abigail Spanberger,https://spanberger.house.gov/contact
7,22553,Abigail Spanberger,https://spanberger.house.gov/contact
7,22554,Abigail Spanberger,https://spanberger.house.gov/contact
7,22556,Abigail Spanberger,https://spanberger.house.gov/contact
7,22567,Abigail Spanberger,https://spanberger.house.gov/contact
7,22580,Abigail Spanberger,https://spanberger.house.gov/contact
7,22701,Abigail Spanberger,https://spanberger.house.gov/contact
7,22709,Abigail Spanberger,https://spanberger.house.gov/contact
7,22711,Abigail Spanberger,https://spanberger.house.gov/contact
7,22713,Abigail Spanberger,https://spanberger.house.gov/contact
7,22714,Abigail Spanberger,https://spanberger.house.gov/contact
7,22715,Abigail Spanberger,https://spanberger.house.gov/contact
7,22716,Abigail Spanberger,https://spanberger.house.gov/contact
7,22718,Abigail Spanberger,https://spanberger.house.gov/contact
7,22719,Abigail Spanberger,https://spanberger.house.gov/contact
7,22722,Abigail Spanberger,https://spanberger.house.gov/contact
7,22723,Abigail Spanberger,https://spanberger.house.gov/contact
7,22724,Abigail Spanberger,https://spanberger.house.gov/contact
7,22725,Abigail Spanberger,https://spanberger.house.gov/contact
7,22726,Abigail Spanberger,https://spanberger.house.gov/contact
7,22727,Abigail Spanberger,https://spanberger.house.gov/contact
7,22729,Abigail Spanberger,https://spanberger.house.gov/contact
7,22730,Abigail Spanberger,https://spanberger.house.gov/contact
7,22731,Abigail Spanberger,https://spanberger.house.gov/contact
7,22732,Abigail Spanberger,https://spanberger.house.gov/contact
7,22733,Abigail Spanberger,https://spanberger.house.gov/contact
7,22734,Abigail Spanberger,https://spanberger.house.gov/contact
7,22735,Abigail Spanberger,https://spanberger.house.gov/contact
7,22736,Abigail Spanberger,https://spanberger.house.gov/contact
7,22737,Abigail Spanberger,https://spanberger.house.gov/contact
7,22738,Abigail Spanberger,https://spanberger.house.gov/contact
7,22740,Abigail Spanberger,https://spanberger.house.gov/contact
7,22741,Abigail Spanberger,https://spanberger.house.gov/contact
7,22743,Abigail Spanberger,https://spanberger.house.gov/contact
7,22746,Abigail Spanberger,https://spanberger.house.gov/contact
7,22923,Abigail Spanberger,https://spanberger.house.gov/contact
7,22932,Abigail Spanberger,https://spanberger.house.gov/contact
7,22935,Abigail Spanberger,https://spanberger.house.gov/contact
7,22940,Abigail Spanberger,https://spanberger.house.gov/contact
7,22942,Abigail Spanberger,https://spanberger.house.gov/contact
7,22948,Abigail Spanberger,https://spanberger.house.gov/contact
7,22957,Abigail Spanberger,https://spanberger.house.gov/contact
7,22960,Abigail Spanberger,https://spanberger.house.gov/contact
7,22968,Abigail Spanberger,https://spanberger.house.gov/contact
7,22972,Abigail Spanberger,https://spanberger.house.gov/contact
7,22973,Abigail Spanberger,https://spanberger.house.gov/contact
7,22989,Abigail Spanberger,https://spanberger.house.gov/contact
7,23015,Abigail Spanberger,https://spanberger.house.gov/contact
7,23024,Abigail Spanberger,https://spanberger.house.gov/contact
7,23047,Abigail Spanberger,https://spanberger.house.gov/contact
7,23069,Abigail Spanberger,https://spanberger.house.gov/contact
7,23117,Abigail Spanberger,https://spanberger.house.gov/contact
8,22003,Donald Beyer,https://beyer.house.gov/contact/
8,22041,Donald Beyer,https://beyer.house.gov/contact/
8,22042,Donald Beyer,https://beyer.house.gov/contact/
8,22043,Donald Beyer,https://beyer.house.gov/contact/
8,22044,Donald Beyer,https://beyer.house.gov/contact/
8,22046,Donald Beyer,https://beyer.house.gov/contact/
8,22060,Donald Beyer,https://beyer.house.gov/contact/
8,22079,Donald Beyer,https://beyer.house.gov/contact/
8,22101,Donald Beyer,https://beyer.house.gov/contact/
8,22102,Donald Beyer,https://beyer.house.gov/contact/
8,22150,Donald Beyer,https://beyer.house.gov/contact/
8,22151,Donald Beyer,https://beyer.house.gov/contact/
8,22201,Donald Beyer,https://beyer.house.gov/contact/
8,22202,Donald Beyer,https://beyer.house.gov/contact/
8,22203,Donald Beyer,https://beyer.house.gov/contact/
8,22204,Donald Beyer,https://beyer.house.gov/contact/
8,22205,Donald Beyer,https://beyer.house.gov/contact/
8,22206,Donald Beyer,https://beyer.house.gov/contact/
8,22207,Donald Beyer,https://beyer.house.gov/contact/
8,22209,Donald Beyer,https://beyer.house.gov/contact/
8,22211,Donald Beyer,https://beyer.house.gov/contact/
8,22213,Donald Beyer,https://beyer.house.gov/contact/
8,22214,Donald Beyer,https://beyer.house.gov/contact/
8,22301,Donald Beyer,https://beyer.house.gov/contact/
8,22302,Donald Beyer,https://beyer.house.gov/contact/
8,22303,Donald Beyer,https://beyer.house.gov/contact/
8,22304,Donald Beyer,https://beyer.house.gov/contact/
8,22305,Donald Beyer,https://beyer.house.gov/contact/
8,22306,Donald Beyer,https://beyer.house.gov/contact/
8,22307,Donald Beyer,https://beyer.house.gov/contact/
8,22308,Donald Beyer,https://beyer.house.gov/contact/
8,22309,Donald Beyer,https://beyer.house.gov/contact/
8,22310,Donald Beyer,https://beyer.house.gov/contact/
8,22311,Donald Beyer,https://beyer.house.gov/contact/
8,22312,Donald Beyer,https://beyer.house.gov/contact/
8,22314,Donald Beyer,https://beyer.house.gov/contact/
8,22315,Donald Beyer,https://beyer.house.gov/contact/
9,24014,Morgan Griffith,https://morgangriffith.house.gov/contact/contactform.htm
9,24015,Morgan Griffith,https://morgangriffith.house.gov/contact/contactform.htm
9,24018,Morgan Griffith,https://morgangriffith.house.gov/contact/contactform.htm
9,24053,Morgan Griffith,https://morgangriffith.house.gov/contact/contactform.htm
9,24054,Morgan Griffith,https://morgangriffith.house.gov/contact/contactform.htm
9,24055,Morgan Griffith,https://morgangriffith.house.gov/contact/contactform.htm
9,24058,Morgan Griffith,https://morgangriffith.house.gov/contact/contactform.htm
9,24059,Morgan Griffith,https://morgangriffith.house.gov/contact/contactform.htm
9,24060,Morgan Griffith,https://morgangriffith.house.gov/contact/contactform.htm
9,24061,Morgan Griffith,https://morgangriffith.house.gov/contact/contactform.htm
9,24064,Morgan Griffith,https://morgangriffith.house.gov/contact/contactform.htm
9,24065,Morgan Griffith,https://morgangriffith.house.gov/contact/contactform.htm
9,24067,Morgan Griffith,https://morgangriffith.house.gov/contact/contactform.htm
9,24070,Morgan Griffith,https://morgangriffith.house.gov/contact/contactform.htm
9,24072,Morgan Griffith,https://morgangriffith.house.gov/contact/contactform.htm
9,24073,Morgan Griffith,https://morgangriffith.house.gov/contact/contactform.htm
9,24076,Morgan Griffith,https://morgangriffith.house.gov/contact/contactform.htm
9,24078,Morgan Griffith,https://morgangriffith.house.gov/contact/contactform.htm
9,24079,Morgan Griffith,https://morgangriffith.house.gov/contact/contactform.htm
9,24082,Morgan Griffith,https://morgangriffith.house.gov/contact/contactform.htm
9,24084,Morgan Griffith,https://morgangriffith.house.gov/contact/contactform.htm
9,24086,Morgan Griffith,https://morgangriffith.house.gov/contact/contactform.htm
9,24087,Morgan Griffith,https://morgangriffith.house.gov/contact/contactform.htm
9,24088,Morgan Griffith,https://morgangriffith.house.gov/contact/contactform.htm
9,24089,Morgan Griffith,https://morgangriffith.house.gov/contact/contactform.htm
9,24091,Morgan Griffith,https://morgangriffith.house.gov/contact/contactform.htm
9,24092,Morgan Griffith,https://morgangriffith.house.gov/contact/contactform.htm
9,24093,Morgan Griffith,https://morgangriffith.house.gov/contact/contactform.htm
9,24095,Morgan Griffith,https://morgangriffith.house.gov/contact/contactform.htm
9,24101,Morgan Griffith,https://morgangriffith.house.gov/contact/contactform.htm
9,24102,Morgan Griffith,https://morgangriffith.house.gov/contact/contactform.htm
9,24104,Morgan Griffith,https://morgangriffith.house.gov/contact/contactform.htm
9,24105,Morgan Griffith,https://morgangriffith.house.gov/contact/contactform.htm
9,24112,Morgan Griffith,https://morgangriffith.house.gov/contact/contactform.htm
9,24120,Morgan Griffith,https://morgangriffith.house.gov/contact/contactform.htm
9,24121,Morgan Griffith,https://morgangriffith.house.gov/contact/contactform.htm
9,24122,Morgan Griffith,https://morgangriffith.house.gov/contact/contactform.htm
9,24124,Morgan Griffith,https://morgangriffith.house.gov/contact/contactform.htm
9,24127,Morgan Griffith,https://morgangriffith.house.gov/contact/contactform.htm
9,24128,Morgan Griffith,https://morgangriffith.house.gov/contact/contactform.htm
9,24129,Morgan Griffith,https://morgangriffith.house.gov/contact/contactform.htm
9,24131,Morgan Griffith,https://morgangriffith.house.gov/contact/contactform.htm
9,24132,Morgan Griffith,https://morgangriffith.house.gov/contact/contactform.htm
9,24133,Morgan Griffith,https://morgangriffith.house.gov/contact/contactform.htm
9,24134,Morgan Griffith,https://morgangriffith.house.gov/contact/contactform.htm
9,24136,Morgan Griffith,https://morgangriffith.house.gov/contact/contactform.htm
9,24137,Morgan Griffith,https://morgangriffith.house.gov/contact/contactform.htm
9,24138,Morgan Griffith,https://morgangriffith.house.gov/contact/contactform.htm
9,24139,Morgan Griffith,https://morgangriffith.house.gov/contact/contactform.htm
9,24141,Morgan Griffith,https://morgangriffith.house.gov/contact/contactform.htm
9,24142,Morgan Griffith,https://morgangriffith.house.gov/contact/contactform.htm
9,24147,Morgan Griffith,https://morgangriffith.house.gov/contact/contactform.htm
9,24148,Morgan Griffith,https://morgangriffith.house.gov/contact/contactform.htm
9,24149,Morgan Griffith,https://morgangriffith.house.gov/contact/contactform.htm
9,24150,Morgan Griffith,https://morgangriffith.house.gov/contact/contactform.htm
9,24151,Morgan Griffith,https://morgangriffith.house.gov/contact/contactform.htm
9,24153,Morgan Griffith,https://morgangriffith.house.gov/contact/contactform.htm
9,24162,Morgan Griffith,https://morgangriffith.house.gov/contact/contactform.htm
9,24165,Morgan Griffith,https://morgangriffith.house.gov/contact/contactform.htm
9,24167,Morgan Griffith,https://morgangriffith.house.gov/contact/contactform.htm
9,24168,Morgan Griffith,https://morgangriffith.house.gov/contact/contactform.htm
9,24171,Morgan Griffith,https://morgangriffith.house.gov/contact/contactform.htm
9,24174,Morgan Griffith,https://morgangriffith.house.gov/contact/contactform.htm
9,24176,Morgan Griffith,https://morgangriffith.house.gov/contact/contactform.htm
9,24179,Morgan Griffith,https://morgangriffith.house.gov/contact/contactform.htm
9,24184,Morgan Griffith,https://morgangriffith.house.gov/contact/contactform.htm
9,24185,Morgan Griffith,https://morgangriffith.house.gov/contact/contactform.htm
9,24201,Morgan Griffith,https://morgangriffith.house.gov/contact/contactform.htm
9,24202,Morgan Griffith,https://morgangriffith.house.gov/contact/contactform.htm
9,24210,Morgan Griffith,https://morgangriffith.house.gov/contact/contactform.htm
9,24211,Morgan Griffith,https://morgangriffith.house.gov/contact/contactform.htm
9,24216,Morgan Griffith,https://morgangriffith.house.gov/contact/contactform.htm
9,24217,Morgan Griffith,https://morgangriffith.house.gov/contact/contactform.htm
9,24219,Morgan Griffith,https://morgangriffith.house.gov/contact/contactform.htm
9,24220,Morgan Griffith,https://morgangriffith.house.gov/contact/contactform.htm
9,24221,Morgan Griffith,https://morgangriffith.house.gov/contact/contactform.htm
9,24224,Morgan Griffith,https://morgangriffith.house.gov/contact/contactform.htm
9,24225,Morgan Griffith,https://morgangriffith.house.gov/contact/contactform.htm
9,24226,Morgan Griffith,https://morgangriffith.house.gov/contact/contactform.htm
9,24228,Morgan Griffith,https://morgangriffith.house.gov/contact/contactform.htm
9,24230,Morgan Griffith,https://morgangriffith.house.gov/contact/contactform.htm
9,24236,Morgan Griffith,https://morgangriffith.house.gov/contact/contactform.htm
9,24237,Morgan Griffith,https://morgangriffith.house.gov/contact/contactform.htm
9,24239,Morgan Griffith,https://morgangriffith.house.gov/contact/contactform.htm
9,24243,Morgan Griffith,https://morgangriffith.house.gov/contact/contactform.htm
9,24244,Morgan Griffith,https://morgangriffith.house.gov/contact/contactform.htm
9,24245,Morgan Griffith,https://morgangriffith.house.gov/contact/contactform.htm
9,24246,Morgan Griffith,https://morgangriffith.house.gov/contact/contactform.htm
9,24248,Morgan Griffith,https://morgangriffith.house.gov/contact/contactform.htm
9,24250,Morgan Griffith,https://morgangriffith.house.gov/contact/contactform.htm
9,24251,Morgan Griffith,https://morgangriffith.house.gov/contact/contactform.htm
9,24256,Morgan Griffith,https://morgangriffith.house.gov/contact/contactform.htm
9,24258,Morgan Griffith,https://morgangriffith.house.gov/contact/contactform.htm
9,24260,Morgan Griffith,https://morgangriffith.house.gov/contact/contactform.htm
9,24263,Morgan Griffith,https://morgangriffith.house.gov/contact/contactform.htm
9,24265,Morgan Griffith,https://morgangriffith.house.gov/contact/contactform.htm
9,24266,Morgan Griffith,https://morgangriffith.house.gov/contact/contactform.htm
9,24269,Morgan Griffith,https://morgangriffith.house.gov/contact/contactform.htm
9,24270,Morgan Griffith,https://morgangriffith.house.gov/contact/contactform.htm
9,24271,Morgan Griffith,https://morgangriffith.house.gov/contact/contactform.htm
9,24272,Morgan Griffith,https://morgangriffith.house.gov/contact/contactform.htm
9,24273,Morgan Griffith,https://morgangriffith.house.gov/contact/contactform.htm
9,24277,Morgan Griffith,https://morgangriffith.house.gov/contact/contactform.htm
9,24279,Morgan Griffith,https://morgangriffith.house.gov/contact/contactform.htm
9,24280,Morgan Griffith,https://morgangriffith.house.gov/contact/contactform.htm
9,24281,Morgan Griffith,https://morgangriffith.house.gov/contact/contactform.htm
9,24282,Morgan Griffith,https://morgangriffith.house.gov/contact/contactform.htm
9,24283,Morgan Griffith,https://morgangriffith.house.gov/contact/contactform.htm
9,24290,Morgan Griffith,https://morgangriffith.house.gov/contact/contactform.htm
9,24292,Morgan Griffith,https://morgangriffith.house.gov/contact/contactform.htm
9,24293,Morgan Griffith,https://morgangriffith.house.gov/contact/contactform.htm
9,24301,Morgan Griffith,https://morgangriffith.house.gov/contact/contactform.htm
9,24311,Morgan Griffith,https://morgangriffith.house.gov/contact/contactform.htm
9,24312,Morgan Griffith,https://morgangriffith.house.gov/contact/contactform.htm
9,24313,Morgan Griffith,https://morgangriffith.house.gov/contact/contactform.htm
9,24314,Morgan Griffith,https://morgangriffith.house.gov/contact/contactform.htm
9,24315,Morgan Griffith,https://morgangriffith.house.gov/contact/contactform.htm
9,24316,Morgan Griffith,https://morgangriffith.house.gov/contact/contactform.htm
9,24317,Morgan Griffith,https://morgangriffith.house.gov/contact/contactform.htm
9,24318,Morgan Griffith,https://morgangriffith.house.gov/contact/contactform.htm
9,24319,Morgan Griffith,https://morgangriffith.house.gov/contact/contactform.htm
9,24322,Morgan Griffith,https://morgangriffith.house.gov/contact/contactform.htm
9,24323,Morgan Griffith,https://morgangriffith.house.gov/contact/contactform.htm
9,24324,Morgan Griffith,https://morgangriffith.house.gov/contact/contactform.htm
9,24325,Morgan Griffith,https://morgangriffith.house.gov/contact/contactform.htm
9,24326,Morgan Griffith,https://morgangriffith.house.gov/contact/contactform.htm
9,24327,Morgan Griffith,https://morgangriffith.house.gov/contact/contactform.htm
9,24328,Morgan Griffith,https://morgangriffith.house.gov/contact/contactform.htm
9,24330,Morgan Griffith,https://morgangriffith.house.gov/contact/contactform.htm
9,24333,Morgan Griffith,https://morgangriffith.house.gov/contact/contactform.htm
9,24340,Morgan Griffith,https://morgangriffith.house.gov/contact/contactform.htm
9,24343,Morgan Griffith,https://morgangriffith.house.gov/contact/contactform.htm
9,24347,Morgan Griffith,https://morgangriffith.house.gov/contact/contactform.htm
9,24348,Morgan Griffith,https://morgangriffith.house.gov/contact/contactform.htm
9,24350,Morgan Griffith,https://morgangriffith.house.gov/contact/contactform.htm
9,24351,Morgan Griffith,https://morgangriffith.house.gov/contact/contactform.htm
9,24352,Morgan Griffith,https://morgangriffith.house.gov/contact/contactform.htm
9,24354,Morgan Griffith,https://morgangriffith.house.gov/contact/contactform.htm
9,24360,Morgan Griffith,https://morgangriffith.house.gov/contact/contactform.htm
9,24361,Morgan Griffith,https://morgangriffith.house.gov/contact/contactform.htm
9,24363,Morgan Griffith,https://morgangriffith.house.gov/contact/contactform.htm
9,24366,Morgan Griffith,https://morgangriffith.house.gov/contact/contactform.htm
9,24368,Morgan Griffith,https://morgangriffith.house.gov/contact/contactform.htm
9,24370,Morgan Griffith,https://morgangriffith.house.gov/contact/contactform.htm
9,24374,Morgan Griffith,https://morgangriffith.house.gov/contact/contactform.htm
9,24375,Morgan Griffith,https://morgangriffith.house.gov/contact/contactform.htm
9,24377,Morgan Griffith,https://morgangriffith.house.gov/contact/contactform.htm
9,24378,Morgan Griffith,https://morgangriffith.house.gov/contact/contactform.htm
9,24380,Morgan Griffith,https://morgangriffith.house.gov/contact/contactform.htm
9,24381,Morgan Griffith,https://morgangriffith.house.gov/contact/contactform.htm
9,24382,Morgan Griffith,https://morgangriffith.house.gov/contact/contactform.htm
9,24426,Morgan Griffith,https://morgangriffith.house.gov/contact/contactform.htm
9,24523,Morgan Griffith,https://morgangriffith.house.gov/contact/contactform.htm
9,24526,Morgan Griffith,https://morgangriffith.house.gov/contact/contactform.htm
9,24530,Morgan Griffith,https://morgangriffith.house.gov/contact/contactform.htm
9,24536,Morgan Griffith,https://morgangriffith.house.gov/contact/contactform.htm
9,24550,Morgan Griffith,https://morgangriffith.house.gov/contact/contactform.htm
9,24551,Morgan Griffith,https://morgangriffith.house.gov/contact/contactform.htm
9,24556,Morgan Griffith,https://morgangriffith.house.gov/contact/contactform.htm
9,24570,Morgan Griffith,https://morgangriffith.house.gov/contact/contactform.htm
9,24571,Morgan Griffith,https://morgangriffith.house.gov/contact/contactform.htm
9,24601,Morgan Griffith,https://morgangriffith.house.gov/contact/contactform.htm
9,24602,Morgan Griffith,https://morgangriffith.house.gov/contact/contactform.htm
9,24603,Morgan Griffith,https://morgangriffith.house.gov/contact/contactform.htm
9,24604,Morgan Griffith,https://morgangriffith.house.gov/contact/contactform.htm
9,24605,Morgan Griffith,https://morgangriffith.house.gov/contact/contactform.htm
9,24606,Morgan Griffith,https://morgangriffith.house.gov/contact/contactform.htm
9,24607,Morgan Griffith,https://morgangriffith.house.gov/contact/contactform.htm
9,24609,Morgan Griffith,https://morgangriffith.house.gov/contact/contactform.htm
9,24612,Morgan Griffith,https://morgangriffith.house.gov/contact/contactform.htm
9,24613,Morgan Griffith,https://morgangriffith.house.gov/contact/contactform.htm
9,24614,Morgan Griffith,https://morgangriffith.house.gov/contact/contactform.htm
9,24620,Morgan Griffith,https://morgangriffith.house.gov/contact/contactform.htm
9,24622,Morgan Griffith,https://morgangriffith.house.gov/contact/contactform.htm
9,24630,Morgan Griffith,https://morgangriffith.house.gov/contact/contactform.htm
9,24631,Morgan Griffith,https://morgangriffith.house.gov/contact/contactform.htm
9,24634,Morgan Griffith,https://morgangriffith.house.gov/contact/contactform.htm
9,24635,Morgan Griffith,https://morgangriffith.house.gov/contact/contactform.htm
9,24637,Morgan Griffith,https://morgangriffith.house.gov/contact/contactform.htm
9,24639,Morgan Griffith,https://morgangriffith.house.gov/contact/contactform.htm
9,24641,Morgan Griffith,https://morgangriffith.house.gov/contact/contactform.htm
9,24646,Morgan Griffith,https://morgangriffith.house.gov/contact/contactform.htm
9,24649,Morgan Griffith,https://morgangriffith.house.gov/contact/contactform.htm
9,24651,Morgan Griffith,https://morgangriffith.house.gov/contact/contactform.htm
9,24656,Morgan Griffith,https://morgangriffith.house.gov/contact/contactform.htm
9,24657,Morgan Griffith,https://morgangriffith.house.gov/contact/contactform.htm
10,20105,Jennifer Wexton,https://wexton.house.gov/contact/
10,20106,Jennifer Wexton,https://wexton.house.gov/contact/
10,20109,Jennifer Wexton,https://wexton.house.gov/contact/
10,20110,Jennifer Wexton,https://wexton.house.gov/contact/
10,20111,Jennifer Wexton,https://wexton.house.gov/contact/
10,20112,Jennifer Wexton,https://wexton.house.gov/contact/
10,20115,Jennifer Wexton,https://wexton.house.gov/contact/
10,20117,Jennifer Wexton,https://wexton.house.gov/contact/
10,20119,Jennifer Wexton,https://wexton.house.gov/contact/
10,20120,Jennifer Wexton,https://wexton.house.gov/contact/
10,20121,Jennifer Wexton,https://wexton.house.gov/contact/
10,20124,Jennifer Wexton,https://wexton.house.gov/contact/
10,20129,Jennifer Wexton,https://wexton.house.gov/contact/
10,20130,Jennifer Wexton,https://wexton.house.gov/contact/
10,20132,Jennifer Wexton,https://wexton.house.gov/contact/
10,20135,Jennifer Wexton,https://wexton.house.gov/contact/
10,20136,Jennifer Wexton,https://wexton.house.gov/contact/
10,20137,Jennifer Wexton,https://wexton.house.gov/contact/
10,20141,Jennifer Wexton,https://wexton.house.gov/contact/
10,20143,Jennifer Wexton,https://wexton.house.gov/contact/
10,20144,Jennifer Wexton,https://wexton.house.gov/contact/
10,20147,Jennifer Wexton,https://wexton.house.gov/contact/
10,20148,Jennifer Wexton,https://wexton.house.gov/contact/
10,20152,Jennifer Wexton,https://wexton.house.gov/contact/
10,20155,Jennifer Wexton,https://wexton.house.gov/contact/
10,20158,Jennifer Wexton,https://wexton.house.gov/contact/
10,20164,Jennifer Wexton,https://wexton.house.gov/contact/
10,20165,Jennifer Wexton,https://wexton.house.gov/contact/
10,20166,Jennifer Wexton,https://wexton.house.gov/contact/
10,20169,Jennifer Wexton,https://wexton.house.gov/contact/
10,20175,Jennifer Wexton,https://wexton.house.gov/contact/
10,20176,Jennifer Wexton,https://wexton.house.gov/contact/
10,20180,Jennifer Wexton,https://wexton.house.gov/contact/
10,20181,Jennifer Wexton,https://wexton.house.gov/contact/
10,20184,Jennifer Wexton,https://wexton.house.gov/contact/
10,20186,Jennifer Wexton,https://wexton.house.gov/contact/
10,20187,Jennifer Wexton,https://wexton.house.gov/contact/
10,20197,Jennifer Wexton,https://wexton.house.gov/contact/
10,20198,Jennifer Wexton,https://wexton.house.gov/contact/
10,22030,Jennifer Wexton,https://wexton.house.gov/contact/
10,22039,Jennifer Wexton,https://wexton.house.gov/contact/
10,22066,Jennifer Wexton,https://wexton.house.gov/contact/
10,22192,Jennifer Wexton,https://wexton.house.gov/contact/
10,22406,Jennifer Wexton,https://wexton.house.gov/contact/
10,22556,Jennifer Wexton,https://wexton.house.gov/contact/
10,22623,Jennifer Wexton,https://wexton.house.gov/contact/
10,22627,Jennifer Wexton,https://wexton.house.gov/contact/
10,22630,Jennifer Wexton,https://wexton.house.gov/contact/
10,22639,Jennifer Wexton,https://wexton.house.gov/contact/
10,22640,Jennifer Wexton,https://wexton.house.gov/contact/
10,22642,Jennifer Wexton,https://wexton.house.gov/contact/
10,22643,Jennifer Wexton,https://wexton.house.gov/contact/
10,22712,Jennifer Wexton,https://wexton.house.gov/contact/
10,22713,Jennifer Wexton,https://wexton.house.gov/contact/
10,22716,Jennifer Wexton,https://wexton.house.gov/contact/
10,22720,Jennifer Wexton,https://wexton.house.gov/contact/
10,22728,Jennifer Wexton,https://wexton.house.gov/contact/
10,22734,Jennifer Wexton,https://wexton.house.gov/contact/
10,22740,Jennifer Wexton,https://wexton.house.gov/contact/
10,22742,Jennifer Wexton,https://wexton.house.gov/contact/
10,22747,Jennifer Wexton,https://wexton.house.gov/contact/
10,22749,Jennifer Wexton,https://wexton.house.gov/contact/
11,20120,Gerald Connolly,https://connolly.house.gov/contact/zip-auth.htm
11,20121,Gerald Connolly,https://connolly.house.gov/contact/zip-auth.htm
11,20124,Gerald Connolly,https://connolly.house.gov/contact/zip-auth.htm
11,20151,Gerald Connolly,https://connolly.house.gov/contact/zip-auth.htm
11,20170,Gerald Connolly,https://connolly.house.gov/contact/zip-auth.htm
11,20171,Gerald Connolly,https://connolly.house.gov/contact/zip-auth.htm
11,20190,Gerald Connolly,https://connolly.house.gov/contact/zip-auth.htm
11,20191,Gerald Connolly,https://connolly.house.gov/contact/zip-auth.htm
11,20194,Gerald Connolly,https://connolly.house.gov/contact/zip-auth.htm
11,22003,Gerald Connolly,https://connolly.house.gov/contact/zip-auth.htm
11,22015,Gerald Connolly,https://connolly.house.gov/contact/zip-auth.htm
11,22027,Gerald Connolly,https://connolly.house.gov/contact/zip-auth.htm
11,22030,Gerald Connolly,https://connolly.house.gov/contact/zip-auth.htm
11,22031,Gerald Connolly,https://connolly.house.gov/contact/zip-auth.htm
11,22032,Gerald Connolly,https://connolly.house.gov/contact/zip-auth.htm
11,22033,Gerald Connolly,https://connolly.house.gov/contact/zip-auth.htm
11,22035,Gerald Connolly,https://connolly.house.gov/contact/zip-auth.htm
11,22039,Gerald Connolly,https://connolly.house.gov/contact/zip-auth.htm
11,22042,Gerald Connolly,https://connolly.house.gov/contact/zip-auth.htm
11,22043,Gerald Connolly,https://connolly.house.gov/contact/zip-auth.htm
11,22060,Gerald Connolly,https://connolly.house.gov/contact/zip-auth.htm
11,22066,Gerald Connolly,https://connolly.house.gov/contact/zip-auth.htm
11,22079,Gerald Connolly,https://connolly.house.gov/contact/zip-auth.htm
11,22101,Gerald Connolly,https://connolly.house.gov/contact/zip-auth.htm
11,22102,Gerald Connolly,https://connolly.house.gov/contact/zip-auth.htm
11,22124,Gerald Connolly,https://connolly.house.gov/contact/zip-auth.htm
11,22150,Gerald Connolly,https://connolly.house.gov/contact/zip-auth.htm
11,22151,Gerald Connolly,https://connolly.house.gov/contact/zip-auth.htm
11,22152,Gerald Connolly,https://connolly.house.gov/contact/zip-auth.htm
11,22153,Gerald Connolly,https://connolly.house.gov/contact/zip-auth.htm
11,22180,Gerald Connolly,https://connolly.house.gov/contact/zip-auth.htm
11,22181,Gerald Connolly,https://connolly.house.gov/contact/zip-auth.htm
11,22182,Gerald Connolly,https://connolly.house.gov/contact/zip-auth.htm
11,22310,Gerald Connolly,https://connolly.house.gov/contact/zip-auth.htm
11,22315,Gerald Connolly,https://connolly.house.gov/contact/zip-auth.htm
1,24604,Robert Wittman,https://wittman.house.gov/forms/writeyourrep/
1,24622,Robert Wittman,https://wittman.house.gov/forms/writeyourrep/
2,20135,Jennifer Kiggans,https://jenforcongress.com/
